140876017,The Beatles,http://cdn-preview-2.deezer.com/stream/2bb9ad1faf3a8c29f46ee010ed82bb73-2.mp3
140876019,The Beatles,http://cdn-preview-3.deezer.com/stream/3acdc9288e37fa415981259a3d5295dd-3.mp3
140876033,The Beatles,http://cdn-preview-b.deezer.com/stream/b8174d180c35ffedf0d76bfcf9e6e9f5-2.mp3
140876035,The Beatles,http://cdn-preview-0.deezer.com/stream/0751f89d0a431c4d11a11af948881bd1-1.mp3
116348656,The Beatles,http://cdn-preview-f.deezer.com/stream/f68997d2493c65db7f9a5234a789504a-3.mp3
116348464,The Beatles,http://cdn-preview-8.deezer.com/stream/8e0697ecae7619a4d93d8ab0208a1f9f-3.mp3
116348452,The Beatles,http://cdn-preview-7.deezer.com/stream/79c38711528eefdb667109a02f5cad70-3.mp3
116348340,The Beatles,http://cdn-preview-0.deezer.com/stream/05aef59e1f60b1b3c3aa6d4141c20548-3.mp3
116348632,The Beatles,http://cdn-preview-1.deezer.com/stream/1552feb57565de84b3713338eae3d095-5.mp3
116348612,The Beatles,http://cdn-preview-c.deezer.com/stream/c2ffb902ba51da14ed1d22ce22a194fe-3.mp3
116348610,The Beatles,http://cdn-preview-e.deezer.com/stream/e13d3b77a47cc5e655993fa30fdd5487-3.mp3
116348126,The Beatles,http://cdn-preview-9.deezer.com/stream/9489b1f5e1f54914be3b2dca71465e97-3.mp3
116348710,The Beatles,http://cdn-preview-1.deezer.com/stream/1f4cba7e08252b00261fdb2bd22de878-3.mp3
116348466,The Beatles,http://cdn-preview-3.deezer.com/stream/3cd92336efda909718789a6eeb44b73e-3.mp3
116348592,The Beatles,http://cdn-preview-9.deezer.com/stream/9f558f4dc3271e3b40d29ef8848576b0-3.mp3
116348212,The Beatles,http://cdn-preview-c.deezer.com/stream/c9100ff9675ade33c5260b82823dda47-3.mp3
116348626,The Beatles,http://cdn-preview-5.deezer.com/stream/56854f4edee142a8033de1219eb8e384-3.mp3
116348674,The Beatles,http://cdn-preview-f.deezer.com/stream/f6952bd327d774fa34a5364be338fa67-3.mp3
116348454,The Beatles,http://cdn-preview-9.deezer.com/stream/91fcb435bc4c6854c8241217adcb098d-3.mp3
116348608,The Beatles,http://cdn-preview-5.deezer.com/stream/586cccb8af038f3a17177ac3f951b47f-3.mp3
116348602,The Beatles,http://cdn-preview-d.deezer.com/stream/d5c3430bd150d07d02edb9290e41a16d-3.mp3
116348620,The Beatles,http://cdn-preview-e.deezer.com/stream/e40222197d5ac561d964347b1bd3ce6b-3.mp3
116348670,The Beatles,http://cdn-preview-6.deezer.com/stream/6dbf1821e11c5cca707e55a5624b9c28-3.mp3
116348462,The Beatles,http://cdn-preview-d.deezer.com/stream/d729a8cf03d77a82da8a2068f3c87eec-3.mp3
116348628,The Beatles,http://cdn-preview-5.deezer.com/stream/5f2ec77c7a824a4283c6374dd209a17c-3.mp3
116348598,The Beatles,http://cdn-preview-f.deezer.com/stream/f97e64cad890ee79e06dfecbed1754d5-3.mp3
116348624,The Beatles,http://cdn-preview-b.deezer.com/stream/bb0c4f54c4ec34bd1b2a20e3fba9ac4e-3.mp3
116348642,The Beatles,http://cdn-preview-a.deezer.com/stream/a6d1672d5c6182e669265188671a657a-3.mp3
116348470,The Beatles,http://cdn-preview-4.deezer.com/stream/42f9a7ef1183a10250472f5158d69826-3.mp3
116348600,The Beatles,http://cdn-preview-2.deezer.com/stream/2f00779d38ec7e805ba7c52440f4dcff-3.mp3
116348618,The Beatles,http://cdn-preview-9.deezer.com/stream/97307189f0db4070f947352ce7597753-3.mp3
116348672,The Beatles,http://cdn-preview-0.deezer.com/stream/036f0757bc1d94c0cc9cea09d8c09acc-3.mp3
116348460,The Beatles,http://cdn-preview-a.deezer.com/stream/a81b6efa115256c51f3eec72e6ac0345-3.mp3
116348084,The Beatles,http://cdn-preview-9.deezer.com/stream/97f45a65ae2d8ea7a97774d126a0c121-3.mp3
116348694,The Beatles,http://cdn-preview-9.deezer.com/stream/96f31007039ac3f5d4c2929625c5d279-3.mp3
116348458,The Beatles,http://cdn-preview-9.deezer.com/stream/9e2f138dfdaa9b7d76cc96f0663cdaca-3.mp3
116348264,The Beatles,http://cdn-preview-5.deezer.com/stream/528477a3c5baeb31069d533323fe5602-3.mp3
116348614,The Beatles,http://cdn-preview-d.deezer.com/stream/d722934c46a4e874d2b98f237f0e9f96-3.mp3
116348596,The Beatles,http://cdn-preview-1.deezer.com/stream/11187b7c311b93479bbfda2af345dcb0-3.mp3
116348252,The Beatles,http://cdn-preview-e.deezer.com/stream/e3c971ebed005e80cee03565101836dc-3.mp3
116348606,The Beatles,http://cdn-preview-9.deezer.com/stream/9f1bef91282e0b2033dbae858c2678f2-3.mp3
116348680,The Beatles,http://cdn-preview-f.deezer.com/stream/f7b39898495f90e96b01fb645d09c0e8-3.mp3
116348192,The Beatles,http://cdn-preview-8.deezer.com/stream/8a13e07baf3a9012b4ca476aefa84721-3.mp3
116348650,The Beatles,http://cdn-preview-b.deezer.com/stream/b4dba93941626d1f3d61260b49b1240f-3.mp3
13620430,The Beatles Recovered Band,http://cdn-preview-e.deezer.com/stream/e9fec65ec76c62bd5160f12720d646b4-1.mp3
116348456,The Beatles,http://cdn-preview-f.deezer.com/stream/fd1baed21e2972ddc8acc6f355313035-4.mp3
116348468,The Beatles,http://cdn-preview-4.deezer.com/stream/4ace52fd2f05fb5b65cdbf08774a8e5e-3.mp3
116348342,The Beatles,http://cdn-preview-4.deezer.com/stream/45e261539b7726e1e232266decf8be53-3.mp3
116348604,The Beatles,http://cdn-preview-1.deezer.com/stream/19d522c3864558f257be085ad09ca5a9-3.mp3
116348630,The Beatles,http://cdn-preview-c.deezer.com/stream/cdbedd889d313fb54fc33a2b85cd3bd0-3.mp3
116348594,The Beatles,http://cdn-preview-d.deezer.com/stream/dd6c10c85cbeb27c853ec135497bf76e-3.mp3
116348634,The Beatles,http://cdn-preview-f.deezer.com/stream/fb956b11f5fae21041c1f0d3402c37c7-3.mp3
116348478,The Beatles,http://cdn-preview-d.deezer.com/stream/d2b9bdeb0085a55e2b863ae740b4af7a-3.mp3
116348616,The Beatles,http://cdn-preview-8.deezer.com/stream/89d69a9d8c93c5e5452678fbdab7eda3-3.mp3
116348198,The Beatles,http://cdn-preview-e.deezer.com/stream/e5a95133e6fcf736f855de18f54e7859-3.mp3
116348254,The Beatles,http://cdn-preview-4.deezer.com/stream/423b15ffc735674a6c059d8c28362b44-3.mp3
116348110,The Beatles,http://cdn-preview-a.deezer.com/stream/a03c4ecbcb1be8b13b0ee07705339046-3.mp3
122172160,The Beatles,http://cdn-preview-b.deezer.com/stream/b7beb65fccf044a0f94bd9fa350925eb-4.mp3
116348724,The Beatles,http://cdn-preview-4.deezer.com/stream/405e6be9377e3c4bf1b21bc48e92502b-3.mp3
116348268,The Beatles,http://cdn-preview-0.deezer.com/stream/0de7e630f5ec6cfe0fd0ae69fe0a35b1-3.mp3
116348206,The Beatles,http://cdn-preview-d.deezer.com/stream/d6e3ca18355edb6852a7915b9965021c-3.mp3
116348400,The Beatles,http://cdn-preview-2.deezer.com/stream/2d8b2f9102aff8adb8901ad698146835-3.mp3
116348086,The Beatles,http://cdn-preview-1.deezer.com/stream/1b4ab084aba2aa7a4292d55880f36d37-3.mp3
116348272,The Beatles,http://cdn-preview-e.deezer.com/stream/ea5a0020f78280258770ef8cce2cd8b3-3.mp3
116348128,The Beatles,http://cdn-preview-3.deezer.com/stream/38577efe921adbc4a0454d29fc5eae7c-3.mp3
116348686,The Beatles,http://cdn-preview-6.deezer.com/stream/6d263d822dfb82ac2998929ddbaa5c9c-3.mp3
116348480,The Beatles,http://cdn-preview-a.deezer.com/stream/a6abcc764fab18ef7dc289ec257e0c14-3.mp3
116348236,The Beatles,http://cdn-preview-f.deezer.com/stream/fe67ac4e49ce6141b5cc2a19c3736d8f-3.mp3
116348482,The Beatles,http://cdn-preview-a.deezer.com/stream/ad6ee19f9bf69e823e188cbac7bbf5a8-4.mp3
116348406,The Beatles,http://cdn-preview-b.deezer.com/stream/bd299a6b37c10ce91f65791f927e4ba0-3.mp3
13620426,The Beatles Recovered Band,http://cdn-preview-f.deezer.com/stream/f0cf577ea367a8a5dabca9696a4cad15-1.mp3
116348476,The Beatles,http://cdn-preview-9.deezer.com/stream/9c64f3e72aa862abccc33ed9edf20cbc-3.mp3
116348868,The Beatles,http://cdn-preview-e.deezer.com/stream/e4710af5d8efd4b76632e9f9d293c26e-3.mp3
116348194,The Beatles,http://cdn-preview-1.deezer.com/stream/12096f36b50d9139e8550003facf3994-3.mp3
116348166,The Beatles,http://cdn-preview-2.deezer.com/stream/2855a25cff7067fd2627cbc4e595188a-3.mp3
116348100,The Beatles,http://cdn-preview-9.deezer.com/stream/98e5e85f5052c4dc337228c33efd581b-3.mp3
116348676,The Beatles,http://cdn-preview-6.deezer.com/stream/6d5d93805052bf48205c038527eb12e1-3.mp3
116348416,The Beatles,http://cdn-preview-c.deezer.com/stream/cb177375418a94fa02d99a053df70aa6-3.mp3
122171888,The Beatles,http://cdn-preview-b.deezer.com/stream/bc992b5821dbffe93ddb293d5564bb82-3.mp3
116348402,The Beatles,http://cdn-preview-0.deezer.com/stream/032566ebd3d4665f57dd07b7d6639075-3.mp3
116348644,The Beatles,http://cdn-preview-5.deezer.com/stream/559d584f8130742d9d3b60498ce468fc-3.mp3
116348472,The Beatles,http://cdn-preview-f.deezer.com/stream/fd615b6dc00319dc5fcd515a31fb9227-3.mp3
116348130,The Beatles,http://cdn-preview-6.deezer.com/stream/6d0885751b8b494667e356cacba98bb7-4.mp3
116348474,The Beatles,http://cdn-preview-4.deezer.com/stream/4203901af09dd6f7701bc496583f5dc3-3.mp3
116348434,The Beatles,http://cdn-preview-3.deezer.com/stream/3fef6909c7f6e4c40079a6b7f99e8ab5-3.mp3
116348682,The Beatles,http://cdn-preview-1.deezer.com/stream/16299a29b42d5d699454cb31e71d0126-3.mp3
116348638,The Beatles,http://cdn-preview-2.deezer.com/stream/26762cb558fc9b024f95aa49e1064573-3.mp3
116348668,The Beatles,http://cdn-preview-1.deezer.com/stream/1b284deeac1fdb241c092155b5215021-3.mp3
116348094,The Beatles,http://cdn-preview-3.deezer.com/stream/37d26cc8441365946ba73887904f146b-3.mp3
116348636,The Beatles,http://cdn-preview-f.deezer.com/stream/fa3ca4becfb2be025b96c03b77085d44-3.mp3
116348814,The Beatles,http://cdn-preview-0.deezer.com/stream/084370a209fe471c7d4fcdb66dd86310-3.mp3
116348688,The Beatles,http://cdn-preview-7.deezer.com/stream/77929f3f3fd4a61f8bff54f46eaf74d8-3.mp3
116348678,The Beatles,http://cdn-preview-d.deezer.com/stream/dacfde96f1b619062ec83e1297457eae-3.mp3
116348640,The Beatles,http://cdn-preview-9.deezer.com/stream/94ae62bc5121af00949d2973aaf83238-3.mp3
116348102,The Beatles,http://cdn-preview-e.deezer.com/stream/ee0ded9dfffcc6881f49f8faeea5e44f-3.mp3
116348290,The Beatles,http://cdn-preview-1.deezer.com/stream/1a723709e78e9e5870d9df8360aa8f2e-3.mp3
116348088,The Beatles,http://cdn-preview-c.deezer.com/stream/ccd5e891c3d5a90b39b8a34a9ec85aad-3.mp3
116348700,The Beatles,http://cdn-preview-d.deezer.com/stream/da7899ece23f24ac3ea1035d861735c5-3.mp3
116348092,The Beatles,http://cdn-preview-b.deezer.com/stream/be69a545d34e39b8fd2afeba5bdf23e4-3.mp3
116348216,The Beatles,http://cdn-preview-a.deezer.com/stream/a95c442d9e95a70c3a1ef1ad27baf754-3.mp3
116348398,The Beatles,http://cdn-preview-c.deezer.com/stream/ccdcc17b75f4cd89fba7e47709b0bb5c-3.mp3
116348208,The Beatles,http://cdn-preview-e.deezer.com/stream/e4378ea7d338013426d77e55c07dc7e8-3.mp3
116348120,The Beatles,http://cdn-preview-7.deezer.com/stream/73e09732abd26b00cd7a164f089aab4b-3.mp3
116348098,The Beatles,http://cdn-preview-2.deezer.com/stream/2562bfa60cbd9518e6d76a4abef294a1-3.mp3
137838169,Black Beatles,http://cdn-preview-4.deezer.com/stream/40501682e0c916b16ad2757f26559d40-3.mp3
116348224,The Beatles,http://cdn-preview-7.deezer.com/stream/769a710f7c0c5acfa6d1239e03919bae-3.mp3
116348258,The Beatles,http://cdn-preview-5.deezer.com/stream/55a01afe9668fc4668ee3c335a4045de-3.mp3
105296612,The Beatles interviews,http://cdn-preview-0.deezer.com/stream/07d00cb2e845e274a1f2bba07bdde718-0.mp3
13620425,The Beatles Recovered Band,http://cdn-preview-4.deezer.com/stream/4cb931cc041f2d8d4937479db5b3939d-1.mp3
116348090,The Beatles,http://cdn-preview-3.deezer.com/stream/3278908f425a45be359df39473706369-3.mp3
116348322,The Beatles,http://cdn-preview-9.deezer.com/stream/986f23fff50878291f3fb008eb7d1a71-3.mp3
116348424,The Beatles,http://cdn-preview-c.deezer.com/stream/c8c974701dd9fb69bd15c00ae12c316a-3.mp3
116348408,The Beatles,http://cdn-preview-3.deezer.com/stream/3126b364c40e76d9d9836c70e7948901-3.mp3
116348136,The Beatles,http://cdn-preview-5.deezer.com/stream/5af60479db2af99495498e4fa5749be5-3.mp3
116348210,The Beatles,http://cdn-preview-4.deezer.com/stream/429afe3b21b12c8feaf14a06f06254c9-3.mp3
116348164,The Beatles,http://cdn-preview-f.deezer.com/stream/ff9ebced7eb4a588224d6ee58bdb5291-3.mp3
116348196,The Beatles,http://cdn-preview-f.deezer.com/stream/fa9dcabf9999c615a1d141e2e2bdb04d-3.mp3
116348426,The Beatles,http://cdn-preview-4.deezer.com/stream/4d494e4b19750a63c46a69e373d726df-3.mp3
116348366,The Beatles,http://cdn-preview-9.deezer.com/stream/90037a37449bce2d837e7f21658de46c-3.mp3
116348344,The Beatles,http://cdn-preview-4.deezer.com/stream/48c89f6d216f0f48d466f2eb2a79beca-3.mp3
116348182,The Beatles,http://cdn-preview-0.deezer.com/stream/06c5c996a0fcf3d5888480d9d91c732d-3.mp3
13620436,The Beatles Recovered Band,http://cdn-preview-f.deezer.com/stream/fe0469fc05d6f35c3a3be983bf7bba7a-2.mp3
116348116,The Beatles,http://cdn-preview-e.deezer.com/stream/ec004822ebc1271798190768ffa6815a-3.mp3
116348112,The Beatles,http://cdn-preview-f.deezer.com/stream/f28a9f2e2889a2e89113e2750080b6d7-3.mp3
116348156,The Beatles,http://cdn-preview-c.deezer.com/stream/cc40dfe6f4e0c7bc4e4448ba9096c8fc-3.mp3
116348108,The Beatles,http://cdn-preview-1.deezer.com/stream/114b9ca2c0271eff0ee6de50a2f39700-3.mp3
116348294,The Beatles,http://cdn-preview-7.deezer.com/stream/7d850d048198fd40785f0bb54a05d468-3.mp3
116348684,The Beatles,http://cdn-preview-8.deezer.com/stream/89560a649c501375906dc1ab5f8cb843-3.mp3
116348234,The Beatles,http://cdn-preview-9.deezer.com/stream/991b9730f2ce407d35cfccf796586a7f-3.mp3
116348422,The Beatles,http://cdn-preview-6.deezer.com/stream/6cd6e6670843027fed3486cc9507a655-3.mp3
126848569,The Beatles,http://cdn-preview-0.deezer.com/stream/0ab996e4317e89f73da618b66a70680b-3.mp3
116348118,The Beatles,http://cdn-preview-0.deezer.com/stream/02e8653d8e9d02feacd275965480577e-3.mp3
62818080,The Beatles,http://cdn-preview-0.deezer.com/stream/099a6bd1a115a10f807c01932176b5ad-2.mp3
116348730,The Beatles,http://cdn-preview-5.deezer.com/stream/5c6a5b81559747c3e374c7ed3729ca65-3.mp3
116348104,The Beatles,http://cdn-preview-4.deezer.com/stream/4b9887a6077bfcddff4d5c72ccbf7ed0-3.mp3
116348134,The Beatles,http://cdn-preview-c.deezer.com/stream/c05ed583c4c3766d3a55b27f4c710c71-3.mp3
116348106,The Beatles,http://cdn-preview-3.deezer.com/stream/32be18853c340d3a86a3fb4c2d32f519-3.mp3
116348346,The Beatles,http://cdn-preview-3.deezer.com/stream/3d20097a9f15f02d6d1245fc6db2040b-3.mp3
116348690,The Beatles,http://cdn-preview-6.deezer.com/stream/6eabf6414faf04ca041996d67580a8f4-3.mp3
116348646,The Beatles,http://cdn-preview-3.deezer.com/stream/3983cafed2cbf314956ed77e93f328c5-3.mp3
116348692,The Beatles,http://cdn-preview-7.deezer.com/stream/75e0912bb919b7688d8918e17620f190-3.mp3
116348664,The Beatles,http://cdn-preview-4.deezer.com/stream/4a72987a4c99622bfc98cde3eb4815a6-3.mp3
116348202,The Beatles,http://cdn-preview-f.deezer.com/stream/f31edf101e5c5f72467eedb9f89c4db0-3.mp3
116348354,The Beatles,http://cdn-preview-7.deezer.com/stream/756a99fdbcf4c14fa887d1c9db7ba1bf-3.mp3
116348256,The Beatles,http://cdn-preview-f.deezer.com/stream/f78c50736f17a4e0c20abcac91dcbe6e-3.mp3
116348140,The Beatles,http://cdn-preview-a.deezer.com/stream/a9ec54f4e11943a3e78cf5c451a69fe0-3.mp3
116348218,The Beatles,http://cdn-preview-7.deezer.com/stream/71b925f95ccc4418cf3c03560ee99503-3.mp3
116348214,The Beatles,http://cdn-preview-e.deezer.com/stream/e87b0075d43b813d500f4477f3eeccfb-3.mp3
116348270,The Beatles,http://cdn-preview-0.deezer.com/stream/0286270cea03f06b49a470f4aa389eae-3.mp3
116348222,The Beatles,http://cdn-preview-7.deezer.com/stream/701eb36b9ed6a5f95d29f1b7c860b692-3.mp3
116348168,The Beatles,http://cdn-preview-c.deezer.com/stream/cc9532e4e913adff1de955864644fc86-3.mp3
116348862,The Beatles,http://cdn-preview-e.deezer.com/stream/ef499954df4a640a544c9ff8f776d1c7-3.mp3
116348180,The Beatles,http://cdn-preview-b.deezer.com/stream/bef6eeecc8b994ea0dee23788dee364b-3.mp3
116348148,The Beatles,http://cdn-preview-5.deezer.com/stream/52eed91932a063e84f6624b57799f30f-3.mp3
116348146,The Beatles,http://cdn-preview-d.deezer.com/stream/d25af4116fa9f23a8e5adfdf7cb92502-3.mp3
116348404,The Beatles,http://cdn-preview-a.deezer.com/stream/aec5301e18084c7e53830f19ba27e3e6-3.mp3
116348260,The Beatles,http://cdn-preview-6.deezer.com/stream/6a776a0991f93f5fc65f1c33efa53a51-3.mp3
116348184,The Beatles,http://cdn-preview-2.deezer.com/stream/26b71ea47eab5ee062e206c30dfe1ff8-3.mp3
116348158,The Beatles,http://cdn-preview-f.deezer.com/stream/fec3405c7ed2ab90f1c2a17b2e4d93b2-4.mp3
116348262,The Beatles,http://cdn-preview-a.deezer.com/stream/a340293c0acad3a6348262d06b579507-3.mp3
116348282,The Beatles,http://cdn-preview-4.deezer.com/stream/49c5457bb4d233683ca71f6bf924c3a4-3.mp3
116348144,The Beatles,http://cdn-preview-5.deezer.com/stream/5b5a39ed3b1a48a4948dd163538edc74-4.mp3
116348174,The Beatles,http://cdn-preview-8.deezer.com/stream/8a1a30b3cd796b057789450cec5fa232-3.mp3
116348150,The Beatles,http://cdn-preview-2.deezer.com/stream/286c07ebf546ef81e0892e2fd5da1d7e-4.mp3
116348816,The Beatles,http://cdn-preview-7.deezer.com/stream/7cb23c9189a07e649d1be6e910363e65-3.mp3
116348280,The Beatles,http://cdn-preview-6.deezer.com/stream/6ef94164a95d7eaf6a39e95503da7f4a-3.mp3
116348414,The Beatles,http://cdn-preview-c.deezer.com/stream/ca512f959069473439c1f9b76fc081b8-3.mp3
116348178,The Beatles,http://cdn-preview-7.deezer.com/stream/74cd1ef9721bfa5508c6f27b14efd424-3.mp3
116348142,The Beatles,http://cdn-preview-3.deezer.com/stream/3ea8800a876384a77e4871350aca01ee-4.mp3
116348188,The Beatles,http://cdn-preview-e.deezer.com/stream/e03bed598daf6ad296fb332788c6da72-3.mp3
116348160,The Beatles,http://cdn-preview-a.deezer.com/stream/a904fe8e01e877cdee04b9d0174b5774-3.mp3
116348874,The Beatles,http://cdn-preview-4.deezer.com/stream/48166d72a24e12796a9291fb0e562740-3.mp3
116348648,The Beatles,http://cdn-preview-f.deezer.com/stream/f795d578d408dd4d872ae9efbcc1ffc2-3.mp3
116348230,The Beatles,http://cdn-preview-0.deezer.com/stream/088722126b8e313537f3f196d40ae806-3.mp3
116348412,The Beatles,http://cdn-preview-4.deezer.com/stream/41cd26dab161e05c7efa328dc5aa9044-3.mp3
116348278,The Beatles,http://cdn-preview-e.deezer.com/stream/e2e407e18223c996fece3bc93177fabf-3.mp3
116348274,The Beatles,http://cdn-preview-f.deezer.com/stream/f77933ae1511246fa054f8efa1ac32e5-3.mp3
13620447,The Beatles Recovered Band,http://cdn-preview-0.deezer.com/stream/08f24e23c9f675e1bfc51ef319b798e5-1.mp3
116348226,The Beatles,http://cdn-preview-b.deezer.com/stream/be8729707186199b73d3626c2b1de051-3.mp3
116348820,The Beatles,http://cdn-preview-d.deezer.com/stream/d6d25ac9f6b907f2a73bdc643a04585b-3.mp3
116348162,The Beatles,http://cdn-preview-6.deezer.com/stream/66560ba72b28993cbb128daf8d2e9793-3.mp3
116348232,The Beatles,http://cdn-preview-b.deezer.com/stream/bfbebeb37af95babf2aeee6821a7fb21-3.mp3
131737312,The Beatles,http://cdn-preview-9.deezer.com/stream/9389c683bc5212f4fe78f2d988b065de-3.mp3
116348654,The Beatles,http://cdn-preview-b.deezer.com/stream/bee911db521c552acd3d2c39d703fdf9-3.mp3
116348220,The Beatles,http://cdn-preview-e.deezer.com/stream/ea685914d3057a0a475690c75b4b6308-3.mp3
116348824,The Beatles,http://cdn-preview-b.deezer.com/stream/b8a1800238ee3308609693d704a5366c-3.mp3
116348350,The Beatles,http://cdn-preview-c.deezer.com/stream/c9c28befeb2e8b892745491f858434b8-3.mp3
116348200,The Beatles,http://cdn-preview-3.deezer.com/stream/3e971a294ebee2a170a9771490c30f41-3.mp3
116348864,The Beatles,http://cdn-preview-7.deezer.com/stream/70f1ab1432b2b0d1955d94efbcf38c67-3.mp3
116348832,The Beatles,http://cdn-preview-6.deezer.com/stream/656953ebe359a01bce3c656494154d17-3.mp3
116348348,The Beatles,http://cdn-preview-8.deezer.com/stream/847910bda1122dda236deee594789d25-3.mp3
116348152,The Beatles,http://cdn-preview-1.deezer.com/stream/1b019a1fb7fcc98ba1a0b383a8897b4d-3.mp3
116348364,The Beatles,http://cdn-preview-f.deezer.com/stream/f2e4828708f3038bb4ea82c2b2cb02e7-4.mp3
116348288,The Beatles,http://cdn-preview-a.deezer.com/stream/a54daaca8ff73a466699b17ab8af277b-3.mp3
116348170,The Beatles,http://cdn-preview-6.deezer.com/stream/68fd04a9e9e2790ee9bf604e72927ed8-3.mp3
116348358,The Beatles,http://cdn-preview-c.deezer.com/stream/cbed0d7016224810834596136cd26567-3.mp3
116348172,The Beatles,http://cdn-preview-d.deezer.com/stream/d494664e30b98f6f767263452a498e58-4.mp3
116348246,The Beatles,http://cdn-preview-9.deezer.com/stream/9812a6839bf55438e49486cac8a7b89b-3.mp3
116348240,The Beatles,http://cdn-preview-6.deezer.com/stream/6501c6eaf6d1f6631784e6e39b82924b-3.mp3
116348352,The Beatles,http://cdn-preview-9.deezer.com/stream/9d166a28624f8810be30d94bf2b7bec9-3.mp3
116348734,The Beatles,http://cdn-preview-1.deezer.com/stream/1ccc2d068b75a0e44e5faab3efd6c9c6-3.mp3
116348242,The Beatles,http://cdn-preview-4.deezer.com/stream/445c1c0f240d328851d9f6073ba16c1e-3.mp3
116348228,The Beatles,http://cdn-preview-f.deezer.com/stream/f5bd15034c41eab034be1bb84b4881c8-3.mp3
116348822,The Beatles,http://cdn-preview-6.deezer.com/stream/6ee0bb90d8e28233c6ecfefd027c1f08-3.mp3
116348296,The Beatles,http://cdn-preview-0.deezer.com/stream/0bc98840d38b31743595c7d7aea160b2-6.mp3
116348826,The Beatles,http://cdn-preview-7.deezer.com/stream/7b3e748aa3820c4559435700a9fb5a1f-3.mp3
116348818,The Beatles,http://cdn-preview-7.deezer.com/stream/763516ea4cbc5e4d56263fb3f1f713c0-3.mp3
116348334,The Beatles,http://cdn-preview-e.deezer.com/stream/e8a4476bdad396bca874d5abe5c5f50c-3.mp3
116348328,The Beatles,http://cdn-preview-4.deezer.com/stream/42f692a44e81aae120904bfe1bd23e41-3.mp3
116348326,The Beatles,http://cdn-preview-d.deezer.com/stream/db87b0aab0b11935b0f20b9ab6579df8-3.mp3
116348266,The Beatles,http://cdn-preview-a.deezer.com/stream/aefeec8ff94b1fcb0e9e28c2d99ec1cf-3.mp3
116348662,The Beatles,http://cdn-preview-1.deezer.com/stream/1f94120e8d88f3d063f9508a10b028ac-3.mp3
116348876,The Beatles,http://cdn-preview-a.deezer.com/stream/ab07bb3df58afa21f829f21ca77e1f5b-3.mp3
116348850,The Beatles,http://cdn-preview-f.deezer.com/stream/fdc20bad0c3bb16e8d41c4a4234bc2ae-3.mp3
116348666,The Beatles,http://cdn-preview-e.deezer.com/stream/ea4882c618ac65e1296d700024b5f157-3.mp3
116348852,The Beatles,http://cdn-preview-0.deezer.com/stream/0782d159123621041583b622e1bdc471-3.mp3
116348834,The Beatles,http://cdn-preview-e.deezer.com/stream/e7edfc88a375dfe90858e3a514804a2b-3.mp3
116348238,The Beatles,http://cdn-preview-7.deezer.com/stream/7085bea19799aa74b2b318e96b9252c1-3.mp3
122172078,The Beatles,http://cdn-preview-2.deezer.com/stream/2634b75797b65e2aaa31bff95bd239f1-3.mp3
116348728,The Beatles,http://cdn-preview-4.deezer.com/stream/4b8de10dd9feec72515f8e3cf04b1153-3.mp3
116348298,The Beatles,http://cdn-preview-9.deezer.com/stream/98a71ab855372ffe7ed956f87a9f0fbb-3.mp3
116348292,The Beatles,http://cdn-preview-1.deezer.com/stream/15de9cacbb11d66a374f4a942aa1ae96-3.mp3
116348698,The Beatles,http://cdn-preview-2.deezer.com/stream/23972c40fa8ed3dff53cc42d724a3c9a-3.mp3
116348300,The Beatles,http://cdn-preview-c.deezer.com/stream/cf71d0f99772e2076b7a5352eebd6793-3.mp3
116348430,The Beatles,http://cdn-preview-0.deezer.com/stream/03c07788630d8c7428d78f9339b88824-3.mp3
116348840,The Beatles,http://cdn-preview-2.deezer.com/stream/2ede84c077a82ddb5a079b37ab040cda-3.mp3
116348696,The Beatles,http://cdn-preview-8.deezer.com/stream/883355b115f4248da7b5c41a0dd2d98c-3.mp3
116348708,The Beatles,http://cdn-preview-7.deezer.com/stream/71cafc2b70c007bdd9d88ea0d42d5ca1-3.mp3
116348356,The Beatles,http://cdn-preview-6.deezer.com/stream/6473104a0101bd475d21f74bbe27aaa3-3.mp3
116348428,The Beatles,http://cdn-preview-8.deezer.com/stream/87c278016bda044d0eedc8c69b1b44f8-3.mp3
116348706,The Beatles,http://cdn-preview-9.deezer.com/stream/900c7e56c951312f6141868859939b54-3.mp3
116348284,The Beatles,http://cdn-preview-e.deezer.com/stream/edaf21c2191689af98acdf7cf18e0e60-3.mp3
116348432,The Beatles,http://cdn-preview-6.deezer.com/stream/6bad1528bc9b6e2861d7386342dc9a06-3.mp3
116348438,The Beatles,http://cdn-preview-d.deezer.com/stream/dacf520b76a55cb231ed44a6731fc22d-3.mp3
116348376,The Beatles,http://cdn-preview-3.deezer.com/stream/3d40a31eee6c951757c0aa92266fe622-3.mp3
116348372,The Beatles,http://cdn-preview-2.deezer.com/stream/2c082844ad7ceaa40f0f99a6cdeda7dc-3.mp3
116348440,The Beatles,http://cdn-preview-8.deezer.com/stream/873cecf279971812dd6884e0f484523b-3.mp3
116348444,The Beatles,http://cdn-preview-3.deezer.com/stream/318ea1d5c8ca7d4ddb2d2e132c4c5edf-3.mp3
126848587,The Beatles,http://cdn-preview-0.deezer.com/stream/0d3863a0d3fbfd0021e2faa55a5be084-3.mp3
116348378,The Beatles,http://cdn-preview-4.deezer.com/stream/4bfd829ed269ffb478c61c6745f95a2c-3.mp3
116348448,The Beatles,http://cdn-preview-6.deezer.com/stream/60e20082136555a995e8cd8994ef7e97-3.mp3
138233969,Black Beatles,http://cdn-preview-b.deezer.com/stream/b99db3d399417fab36337d93eef941c3-3.mp3
140876025,The Beatles,http://cdn-preview-9.deezer.com/stream/9e46c0a6d8b5696264abad3d634b628e-3.mp3
140876011,The Beatles,http://cdn-preview-3.deezer.com/stream/3cf3c325e5f829cd0c4c4f0d44c1ceb4-2.mp3
140876031,The Beatles,http://cdn-preview-1.deezer.com/stream/1e2bd6c62e3a8bfb87296d8a6648c2c5-2.mp3
140876037,The Beatles,http://cdn-preview-d.deezer.com/stream/d0f328ee764e1f955005b9282d800f3b-3.mp3
140876013,The Beatles,http://cdn-preview-0.deezer.com/stream/0e4eb3c19c4ca6f505e7a5f5d1677ac5-2.mp3
140876015,The Beatles,http://cdn-preview-7.deezer.com/stream/7a1e0de1565c4134fd06a401549e578f-2.mp3
140876023,The Beatles,http://cdn-preview-9.deezer.com/stream/93020e8ccd1a71657d1d1c8180902c16-3.mp3
140876027,The Beatles,http://cdn-preview-9.deezer.com/stream/9f3ed0d8a802270c31a1fb2795a0886e-3.mp3
140876021,The Beatles,http://cdn-preview-b.deezer.com/stream/bc924ed0e438e287be4746a3f2725e33-2.mp3
140876029,The Beatles,http://cdn-preview-a.deezer.com/stream/a0a49491d29cdfa7daa9ab8abe44d966-3.mp3
87544655,Radiohead,http://cdn-preview-f.deezer.com/stream/f386141a3dcb887aa0d2311acf3af23c-11.mp3
64505043,Radiohead,http://cdn-preview-8.deezer.com/stream/80b02639601dd71695334070f689be17-4.mp3
3166869,Radiohead,http://cdn-preview-0.deezer.com/stream/0e56c8b0aa41edb43dad70316cccab88-4.mp3
138544911,Radiohead,http://cdn-preview-2.deezer.com/stream/2154252996fa48dc882f502f3b0af2bf-4.mp3
38428991,Radiohead,http://cdn-preview-e.deezer.com/stream/ed668d610b75e8b26b4cf875f58de22a-4.mp3
138544915,Radiohead,http://cdn-preview-0.deezer.com/stream/0dfeddd735720fb7dfb98f0e49aca228-3.mp3
138546815,Radiohead,http://cdn-preview-f.deezer.com/stream/ff6f5eb61906e7ade82c01c81b38734d-3.mp3
138544917,Radiohead,http://cdn-preview-2.deezer.com/stream/2118bf864e75acee0f477880ddf04e99-4.mp3
7272292,Radiohead,http://cdn-preview-3.deezer.com/stream/39b4087372b0e1c2ceba969e6d63ab4b-4.mp3
138539977,Radiohead,http://cdn-preview-3.deezer.com/stream/3b3257e83394c0a0f3f23e9a0af371eb-4.mp3
138544921,Radiohead,http://cdn-preview-8.deezer.com/stream/8d882d918caa17199bf03d6c004d6720-3.mp3
138544927,Radiohead,http://cdn-preview-8.deezer.com/stream/8699d2312976bece62a0bd33ab2416b6-4.mp3
138547415,Radiohead,http://cdn-preview-8.deezer.com/stream/81ea5efd400b6cd966b5698a966da7b9-4.mp3
138544919,Radiohead,http://cdn-preview-a.deezer.com/stream/a06d83ca7a6815d31a99739accecc414-3.mp3
138544923,Radiohead,http://cdn-preview-e.deezer.com/stream/ef3e11b6458462a6076a2fc6f5587791-4.mp3
3427156,Radiohead,http://cdn-preview-9.deezer.com/stream/9c581bcf3fb20cfb2f162715d2bc5221-3.mp3
138544925,Radiohead,http://cdn-preview-6.deezer.com/stream/609167d2be694093189b07386b514c34-3.mp3
138544931,Radiohead,http://cdn-preview-0.deezer.com/stream/04997e39bd52eeda0f61b8067bc7eac6-3.mp3
138544263,Radiohead,http://cdn-preview-3.deezer.com/stream/39223befde5bae522155ce090860d8f9-3.mp3
138544929,Radiohead,http://cdn-preview-d.deezer.com/stream/d68e7e824d82e502e0ebed7da38a490a-3.mp3
138544269,Radiohead,http://cdn-preview-6.deezer.com/stream/6718895a6327a581fc8386d70d556976-3.mp3
138548045,Radiohead,http://cdn-preview-f.deezer.com/stream/fa8ed705eedcdfc9adf5ef63d97f89d0-4.mp3
138540697,Radiohead,http://cdn-preview-9.deezer.com/stream/978ddf23c9051dc6f42da229fb3d89f3-3.mp3
3146076,Radiohead,http://cdn-preview-3.deezer.com/stream/3bb03f72065e3a52d055f8af1ad10359-3.mp3
138547601,Radiohead,http://cdn-preview-3.deezer.com/stream/3321d89ec5c4eab0e44789f595f26634-3.mp3
138546803,Radiohead,http://cdn-preview-9.deezer.com/stream/9a0edc02edcf98eb9b463c4f7fe23a37-3.mp3
138546819,Radiohead,http://cdn-preview-d.deezer.com/stream/d6c1c041875cc5ce253a83328fab35ec-3.mp3
65288701,Radiohead,http://cdn-preview-1.deezer.com/stream/1c797e90d1501b43608956dcd4812bba-2.mp3
138539991,Radiohead,http://cdn-preview-1.deezer.com/stream/1ee029f384864901b07a0dbda2f71776-3.mp3
138539979,Radiohead,http://cdn-preview-c.deezer.com/stream/c6d6ae840bcb27d186595ee49d31dfb5-3.mp3
138546807,Radiohead,http://cdn-preview-f.deezer.com/stream/f35086dc1db313f379684783b87f51f8-3.mp3
138544249,Radiohead,http://cdn-preview-e.deezer.com/stream/edd61e32218a1e2d767d48a95fb9b90f-3.mp3
138546809,Radiohead,http://cdn-preview-1.deezer.com/stream/1a284ffdd709a5a605bdfe66d0b0b014-3.mp3
138540275,Radiohead,http://cdn-preview-9.deezer.com/stream/92b8d49a825f36653559f341ec3e94ac-4.mp3
138544271,Radiohead,http://cdn-preview-b.deezer.com/stream/b231a28a19d75e0fb74e35d105248964-3.mp3
138546811,Radiohead,http://cdn-preview-0.deezer.com/stream/0e89a97e4dd11608c2ac8a6ff7eea9c2-3.mp3
138539973,Radiohead,http://cdn-preview-a.deezer.com/stream/a35d446e841f56de0fb9be9709098f10-3.mp3
138546805,Radiohead,http://cdn-preview-7.deezer.com/stream/76d43eba01049c239b7590c7b9a0f02c-3.mp3
138546817,Radiohead,http://cdn-preview-5.deezer.com/stream/5fbdabcbfe33abcab963acb8199a5984-3.mp3
138539971,Radiohead,http://cdn-preview-b.deezer.com/stream/bb8b0ca6434846656ad594eec4d5a594-4.mp3
138539975,Radiohead,http://cdn-preview-9.deezer.com/stream/99d5ea2a31f2d934c91a52cb7d088083-4.mp3
138539981,Radiohead,http://cdn-preview-7.deezer.com/stream/7ba712a4deeae19292cc9929658b29e8-3.mp3
138540341,Radiohead,http://cdn-preview-7.deezer.com/stream/7d471e68b895ec8c8e6a559c6cb12335-2.mp3
138540345,Radiohead,http://cdn-preview-8.deezer.com/stream/871ac5800c7b403c117240696c86ecf7-3.mp3
138539989,Radiohead,http://cdn-preview-f.deezer.com/stream/fd82e4c7102905c493668703182a3c40-3.mp3
138539987,Radiohead,http://cdn-preview-d.deezer.com/stream/da9bbeb0c4f366cfdfa523a0b606bf92-4.mp3
138540343,Radiohead,http://cdn-preview-f.deezer.com/stream/fb5fe2ffa3a052e582742ca84a83d77a-3.mp3
138547593,Radiohead,http://cdn-preview-8.deezer.com/stream/82e0672205c0091ecbc8ab7085ab0b79-3.mp3
138546821,Radiohead,http://cdn-preview-6.deezer.com/stream/660fa151ac12b59fe0064f11b30659fe-3.mp3
138547591,Radiohead,http://cdn-preview-9.deezer.com/stream/9f83b98c422f1a892eee77b73bf8ae9b-3.mp3
5304398,Radiohead,http://cdn-preview-9.deezer.com/stream/9dc915b3acb772f34bafd4a99ae3cd60-9.mp3
138539993,Radiohead,http://cdn-preview-2.deezer.com/stream/27cf1785b05a33b92fe23888a18b712d-3.mp3
138544259,Radiohead,http://cdn-preview-6.deezer.com/stream/6732da4fbad416544015fdc095de61e1-3.mp3
138547589,Radiohead,http://cdn-preview-2.deezer.com/stream/2e39cc9061d47f47d541ef623a56949f-3.mp3
138539985,Radiohead,http://cdn-preview-f.deezer.com/stream/ff8621a4422a1a0a1a113343f5955f6e-3.mp3
138546813,Radiohead,http://cdn-preview-0.deezer.com/stream/0bf70e0600e30ebf4b50bf5b862e1cd6-3.mp3
138540293,Radiohead,http://cdn-preview-5.deezer.com/stream/55498c6e8afb1955e1da6af95bfbc721-2.mp3
138547605,Radiohead,http://cdn-preview-5.deezer.com/stream/5bf6eb1a272e573846e58b203daacc58-3.mp3
138547597,Radiohead,http://cdn-preview-3.deezer.com/stream/37f1bd7bc260e8694a872dcc680dbec3-3.mp3
138547587,Radiohead,http://cdn-preview-3.deezer.com/stream/3436a655428a209ce1be956f94331902-3.mp3
138540279,Radiohead,http://cdn-preview-f.deezer.com/stream/f1dca617b74efdc339b778d097d05e7d-4.mp3
138544267,Radiohead,http://cdn-preview-f.deezer.com/stream/f3da94f7c06bde1ca1e3d4889aac4425-3.mp3
138544275,Radiohead,http://cdn-preview-e.deezer.com/stream/e18a1a453139fd29200ca121cefd4146-3.mp3
138544261,Radiohead,http://cdn-preview-5.deezer.com/stream/54c63ea719e08ae2021d6016dacfd2e8-3.mp3
138544251,Radiohead,http://cdn-preview-c.deezer.com/stream/cee3bce7bcf085bdeaed3bc06792ee8d-3.mp3
138540335,Radiohead,http://cdn-preview-c.deezer.com/stream/c6db6b28ea6565fbe7880b5146015bb0-2.mp3
138544257,Radiohead,http://cdn-preview-4.deezer.com/stream/4335265cf590a3104b70b7fca02c8c64-3.mp3
138540337,Radiohead,http://cdn-preview-3.deezer.com/stream/3367ad1f520a28f420132efeb98ee6d3-2.mp3
138544279,Radiohead,http://cdn-preview-4.deezer.com/stream/44a05dd2a62ff0ba62df1bf0c2593351-4.mp3
138547603,Radiohead,http://cdn-preview-9.deezer.com/stream/965355e0fb1270f942aae06a5d276709-2.mp3
138540285,Radiohead,http://cdn-preview-2.deezer.com/stream/23185a9736268bebc725c94878fe907a-3.mp3
138540283,Radiohead,http://cdn-preview-b.deezer.com/stream/bdeefbf486257d6a737648bb5f7e88ec-3.mp3
138544265,Radiohead,http://cdn-preview-f.deezer.com/stream/f405e63fa5699344256a04cd2f6aa649-3.mp3
138540347,Radiohead,http://cdn-preview-0.deezer.com/stream/037c211f27f0901a7b85fc449056e27a-2.mp3
138540301,Radiohead,http://cdn-preview-3.deezer.com/stream/33e600220222bc305adb1d078b6204ca-2.mp3
138540281,Radiohead,http://cdn-preview-d.deezer.com/stream/d594e20e78ad94a400c976e566c07092-3.mp3
138540277,Radiohead,http://cdn-preview-b.deezer.com/stream/ba659c4606cd80db8892abd19f8e3100-4.mp3
138539157,Radiohead,http://cdn-preview-5.deezer.com/stream/55903c05804a3464a66c292e3a38dd7c-3.mp3
138545471,Radiohead,http://cdn-preview-7.deezer.com/stream/7a28d859d8e0d21e724741fbc66402f5-2.mp3
138544277,Radiohead,http://cdn-preview-1.deezer.com/stream/10634b49be9a61f5b208cebcf6b74fbb-3.mp3
138547413,Radiohead,http://cdn-preview-4.deezer.com/stream/4cc85fb97feaa80dfa4c0d690fc2a000-3.mp3
138547599,Radiohead,http://cdn-preview-7.deezer.com/stream/71189a0d60355f57de0471afe6b75141-3.mp3
92141266,Radiohead,http://cdn-preview-f.deezer.com/stream/f386141a3dcb887aa0d2311acf3af23c-11.mp3
138547595,Radiohead,http://cdn-preview-e.deezer.com/stream/e9eccc1407dacac80d3c12ffbe22f0cf-3.mp3
138546129,Radiohead,http://cdn-preview-1.deezer.com/stream/106723198398b39a158030871bda3b39-3.mp3
138540353,Radiohead,http://cdn-preview-7.deezer.com/stream/7d0b1c6013bc025fda29d06843af008f-3.mp3
138540295,Radiohead,http://cdn-preview-8.deezer.com/stream/84574730f4e4829f4fbe09a9abead1b3-2.mp3
119715492,Radiohead,http://cdn-preview-9.deezer.com/stream/908da6e231401c165cf756ba929c0627-4.mp3
138540299,Radiohead,http://cdn-preview-e.deezer.com/stream/e60b158b1ad3f11644a931e2b76aefa8-2.mp3
138546133,Radiohead,http://cdn-preview-6.deezer.com/stream/6ca7dcb79d57239a452b1d35e0968195-2.mp3
138540297,Radiohead,http://cdn-preview-8.deezer.com/stream/8283c31af9603d1c81dead033a05f3fc-3.mp3
138540291,Radiohead,http://cdn-preview-4.deezer.com/stream/4ff2fbb27bd0e76ac1e83128f70cfac5-4.mp3
138540375,Radiohead,http://cdn-preview-1.deezer.com/stream/1e6d4184c062954c65de8d0dd4ecd2d4-3.mp3
138540339,Radiohead,http://cdn-preview-f.deezer.com/stream/f1e008cfcc87b9e507b59da770bff6d8-2.mp3
138547607,Radiohead,http://cdn-preview-1.deezer.com/stream/17e23f9243a3411a4e2668cb444a39d3-2.mp3
138540383,Radiohead,http://cdn-preview-1.deezer.com/stream/1e51ce3cb316223a944e944a6c9a797d-3.mp3
138540287,Radiohead,http://cdn-preview-8.deezer.com/stream/87421fb0f34b35bd15a7d7182474ff17-4.mp3
138544245,Radiohead,http://cdn-preview-1.deezer.com/stream/1305b50e33f448dc7e9772c495dd7c42-3.mp3
12566323,Radiohead,http://cdn-preview-4.deezer.com/stream/4f98e88b3efa73d51dadc423492b859c-4.mp3
38432541,Radiohead,http://cdn-preview-6.deezer.com/stream/64aafdf1f5c5e00df2b3f0a2b8eb0738-8.mp3
138544255,Radiohead,http://cdn-preview-b.deezer.com/stream/b6e962f55bdc90cc4c7237833e4feea2-3.mp3
138546127,Radiohead,http://cdn-preview-e.deezer.com/stream/e57da84faddeb4c5fa3a0e4accc99da2-3.mp3
138546125,Radiohead,http://cdn-preview-9.deezer.com/stream/9c50245cbe0679e1f6aeb479171218ef-3.mp3
138540371,Radiohead,http://cdn-preview-1.deezer.com/stream/1ced40d052e90924f12324573ae1d256-3.mp3
138540349,Radiohead,http://cdn-preview-7.deezer.com/stream/79edb29a80453937c763d955c61c7746-2.mp3
138540351,Radiohead,http://cdn-preview-4.deezer.com/stream/45e7c12b45958e10e2c0553f70ebaabe-2.mp3
138544241,Radiohead,http://cdn-preview-2.deezer.com/stream/239d0018c24aeaf6191e6bf1f1616c78-3.mp3
138540289,Radiohead,http://cdn-preview-a.deezer.com/stream/a2dc59c968661557f314c360681031ef-4.mp3
138547417,Radiohead,http://cdn-preview-8.deezer.com/stream/8d65b72423a8974c09edde107003facf-3.mp3
138546131,Radiohead,http://cdn-preview-4.deezer.com/stream/4ef1628a2a8cb6e10604f8a42d35488a-3.mp3
138545473,Radiohead,http://cdn-preview-6.deezer.com/stream/62d6b54b939f2852dcce4e207f7d396f-2.mp3
138544243,Radiohead,http://cdn-preview-b.deezer.com/stream/ba932a6bb95641243a0dcb2007d6c07b-3.mp3
138547419,Radiohead,http://cdn-preview-6.deezer.com/stream/6b7795ad42303657a16ea9108273a5f9-3.mp3
138546139,Radiohead,http://cdn-preview-2.deezer.com/stream/27b7b219475cade7635ae158c14698b6-2.mp3
138544247,Radiohead,http://cdn-preview-5.deezer.com/stream/53b3cc889ada286386aa39edb0e74156-3.mp3
138547427,Radiohead,http://cdn-preview-3.deezer.com/stream/3fde97e0b511eafebc7fc456a42fdedd-3.mp3
138547423,Radiohead,http://cdn-preview-9.deezer.com/stream/9a44ca09155424b6d4ecbfbbb4ded514-3.mp3
138540651,Radiohead,http://cdn-preview-5.deezer.com/stream/591ef6f6ba89c3bfb912d75cfdc3b75e-3.mp3
138547431,Radiohead,http://cdn-preview-a.deezer.com/stream/a1446fe565df576c5d5850ab22112b99-3.mp3
14408120,Radiohead,http://cdn-preview-f.deezer.com/stream/f8b004dcde50b82ee0aeb4694c5d97b7-5.mp3
138546137,Radiohead,http://cdn-preview-e.deezer.com/stream/e064664c8f72f1b22d58f37efedd0b06-2.mp3
138540377,Radiohead,http://cdn-preview-a.deezer.com/stream/a81064e0e29f8cdbaf479056db4b470c-3.mp3
138547425,Radiohead,http://cdn-preview-0.deezer.com/stream/063f136bf5fe6d282e99e45fda1cc0a4-3.mp3
138540509,Radiohead,http://cdn-preview-b.deezer.com/stream/b42f25ee817564d985ed8e1173d6f326-2.mp3
138540369,Radiohead,http://cdn-preview-6.deezer.com/stream/6da14b33de7c0bc6f01d185398086930-3.mp3
138548047,Radiohead,http://cdn-preview-a.deezer.com/stream/a32e0e0d241d23d0408d3e27867e467d-3.mp3
138540527,Radiohead,http://cdn-preview-d.deezer.com/stream/d1be48892341b2fc63179212a9ee9135-2.mp3
138540379,Radiohead,http://cdn-preview-0.deezer.com/stream/030e04df3d8c250898ac59911d5dcf76-3.mp3
138545623,Radiohead,http://cdn-preview-e.deezer.com/stream/eca4219b8f5d1588e66bb7ac8dbcaedb-4.mp3
138547435,Radiohead,http://cdn-preview-9.deezer.com/stream/92cd81bd075ccaaaea5b1c34b5ca76a4-4.mp3
138548311,Radiohead,http://cdn-preview-1.deezer.com/stream/1c990aefbd91d747d8faea66a6042f55-3.mp3
138540525,Radiohead,http://cdn-preview-e.deezer.com/stream/e93f0af73c5947365b9df89911e30e2d-2.mp3
138540513,Radiohead,http://cdn-preview-9.deezer.com/stream/906be0aab8dc461466ca64900438b5e1-2.mp3
98254564,Radiohead,http://cdn-preview-0.deezer.com/stream/097e74997ea4f616ff7e2c1db9208073-4.mp3
138540523,Radiohead,http://cdn-preview-1.deezer.com/stream/1d35dcb49b09735ec0477deccace854c-2.mp3
138540521,Radiohead,http://cdn-preview-5.deezer.com/stream/522f91c9b8fffb814fb18bae0dc83b8c-2.mp3
138547433,Radiohead,http://cdn-preview-0.deezer.com/stream/0f2a57e534f9e514dd4b87ac446c7241-3.mp3
138545317,Radiohead,http://cdn-preview-f.deezer.com/stream/f7f4a97054333bb9a91d466339688019-3.mp3
138545679,Radiohead,http://cdn-preview-1.deezer.com/stream/19b26629f3b57dcfd3af1fdbe958d2ed-2.mp3
138540517,Radiohead,http://cdn-preview-7.deezer.com/stream/75de1e2ae722465b8ac94d64ebcf5d7e-2.mp3
138540515,Radiohead,http://cdn-preview-a.deezer.com/stream/aece875bdc8a64d16bd82b454b4cc420-2.mp3
138545625,Radiohead,http://cdn-preview-5.deezer.com/stream/52b2044e6365e4f48059e134c65d91c2-3.mp3
119706754,Radiohead,http://cdn-preview-4.deezer.com/stream/495521d14086ee474661d68ff2f3661b-3.mp3
63884541,Radiohead,http://cdn-preview-8.deezer.com/stream/83b5ff73633083d3730de652ce33d4b2-4.mp3
138546275,Radiohead,http://cdn-preview-f.deezer.com/stream/fe7cc7477b0b7ad7fa9aad598593dd25-3.mp3
138540519,Radiohead,http://cdn-preview-6.deezer.com/stream/6c7ee129375afcda44b94d61e3b33e97-2.mp3
138539669,Radiohead,http://cdn-preview-0.deezer.com/stream/0bffb26cf74b51c4dffeff220b8144f2-2.mp3
138545291,Radiohead,http://cdn-preview-d.deezer.com/stream/d4906e7ff3a1d27d0158979e7f435570-2.mp3
138540511,Radiohead,http://cdn-preview-7.deezer.com/stream/7c9031cd7f82a84baec92e67299b4aa1-2.mp3
138540373,Radiohead,http://cdn-preview-0.deezer.com/stream/0e683b45d31964a22b04dc16cf4e5903-3.mp3
138539131,Radiohead,http://cdn-preview-d.deezer.com/stream/dae600526888e09b12a6b27cbf748744-2.mp3
68016900,Radiohead,http://cdn-preview-4.deezer.com/stream/46b22f7ed13d153118183ab71033b40f-0.mp3
138539161,Radiohead,http://cdn-preview-e.deezer.com/stream/e69cdc7f0918ec273b3bdcee10cf2b55-3.mp3
138539159,Radiohead,http://cdn-preview-b.deezer.com/stream/b71ce7c4785a6d4640f8065a10c41354-2.mp3
983719,Rhythms Del Mundo,http://cdn-preview-8.deezer.com/stream/891fda8a90ee5254a5e201a5f34e8e0f-3.mp3
92349550,Radiohead,http://cdn-preview-7.deezer.com/stream/750a7577b531802ab695b8c727eefe17-2.mp3
138544577,Radiohead,http://cdn-preview-5.deezer.com/stream/5f85d55d79ec8783c3463ad6da765f68-2.mp3
138548051,Radiohead,http://cdn-preview-7.deezer.com/stream/7cb218fe16f691e1fb5011b9b4ddae5a-4.mp3
138548049,Radiohead,http://cdn-preview-9.deezer.com/stream/99543af1ee8181b84ae5b96b6eeb10e0-3.mp3
138540653,Radiohead,http://cdn-preview-8.deezer.com/stream/8c64f183f6868268c176c0665448dd4d-3.mp3
138540381,Radiohead,http://cdn-preview-b.deezer.com/stream/b878fa6c19e86a022e44b4ea36b82772-2.mp3
138540795,Radiohead,http://cdn-preview-0.deezer.com/stream/0b074318045ee8d6d40b00cd11f43e8a-2.mp3
138546271,Radiohead,http://cdn-preview-c.deezer.com/stream/c4c2db74de98333c704945ffb7f16b4c-2.mp3
138546277,Radiohead,http://cdn-preview-f.deezer.com/stream/f37e3c22efeb5fdc8c7791ebfb296f9c-2.mp3
138540659,Radiohead,http://cdn-preview-c.deezer.com/stream/cfe0979b50831cfda46a0b12101cfacd-3.mp3
138540701,Radiohead,http://cdn-preview-4.deezer.com/stream/4b36108bf5adf4f441a8f89e7951e8dc-3.mp3
138548053,Radiohead,http://cdn-preview-1.deezer.com/stream/191569816a4392e691cb5f386a51eed8-3.mp3
130000926,DJ ReMix Factory,http://cdn-preview-3.deezer.com/stream/3b7f65283bc7e27b5a7c6396a9784ec2-3.mp3
138540811,Radiohead,http://cdn-preview-b.deezer.com/stream/b9c1821faf803ed0e8d6a289664434a7-2.mp3
138545627,Radiohead,http://cdn-preview-f.deezer.com/stream/f033c74d89a1e89c952650b45b27ff4a-2.mp3
138548321,Radiohead,http://cdn-preview-f.deezer.com/stream/fdb84a2c8da71f83df0393d2c5b373b2-2.mp3
138545655,Radiohead,http://cdn-preview-4.deezer.com/stream/45f4c383d6ed37ff4ccae50112b8d472-2.mp3
138546629,Radiohead,http://cdn-preview-e.deezer.com/stream/e81f3c00b999660c6c2211e784217fcd-2.mp3
138546279,Radiohead,http://cdn-preview-0.deezer.com/stream/09ff8b1cee29382f093c4140ffc96815-2.mp3
138545659,Radiohead,http://cdn-preview-b.deezer.com/stream/bc61550acc854c37648e12857fbd541f-1.mp3
138545637,Radiohead,http://cdn-preview-9.deezer.com/stream/95478d121bea04a4c815e15be4d237ba-2.mp3
138545631,Radiohead,http://cdn-preview-6.deezer.com/stream/65bbb064a248a6752580d3fde4669d69-1.mp3
138545629,Radiohead,http://cdn-preview-6.deezer.com/stream/68ad5f2df60be87ff3bed20d837abd27-2.mp3
138539129,Radiohead,http://cdn-preview-a.deezer.com/stream/a9f8df90747a7936934cc0e90db86542-2.mp3
138540807,Radiohead,http://cdn-preview-e.deezer.com/stream/ee202c935de0a0fdf7c4389dae31fe4f-2.mp3
101805169,BARON ZERO,http://cdn-preview-8.deezer.com/stream/882bf9fecea3904511b70e85bc4177e4-0.mp3
138540793,Radiohead,http://cdn-preview-0.deezer.com/stream/051506eb59af030ecf27c21b2ec1a678-2.mp3
138540801,Radiohead,http://cdn-preview-6.deezer.com/stream/6a5f058749305a13d038a3560a204a6b-2.mp3
138548281,Radiohead,http://cdn-preview-5.deezer.com/stream/55c73a6ad4d244b8bfa3aca513c02eca-2.mp3
138544581,Radiohead,http://cdn-preview-2.deezer.com/stream/294c827eca25fe2ca6ad39f85dd4a8fa-2.mp3
138545641,Radiohead,http://cdn-preview-f.deezer.com/stream/ff1fe7fa3c5b6ecffc634b16869bad61-1.mp3
138545643,Radiohead,http://cdn-preview-a.deezer.com/stream/a6a979be255022107d43c3209f50b2ef-3.mp3
138546631,Radiohead,http://cdn-preview-6.deezer.com/stream/611642c0f7ab559af79fe9388ccd2412-2.mp3
138548285,Radiohead,http://cdn-preview-e.deezer.com/stream/e45c2bbd1006c5355a153960daa9e9cf-2.mp3
138540797,Radiohead,http://cdn-preview-4.deezer.com/stream/450435f8056e13a98dc0cac3ffd33951-2.mp3
138540799,Radiohead,http://cdn-preview-9.deezer.com/stream/9badfb618c25400ec4c4cdb94a3843cc-2.mp3
138540803,Radiohead,http://cdn-preview-d.deezer.com/stream/d0ead7750cb8e3754b62428b65af43bb-2.mp3
120978112,Radiohead,http://cdn-preview-7.deezer.com/stream/79cb9c70e829c0d85eb6a459a0667ca1-3.mp3
138540809,Radiohead,http://cdn-preview-5.deezer.com/stream/5634a457467b7d368a88f3173f1d6b60-2.mp3
138544121,Radiohead,http://cdn-preview-8.deezer.com/stream/862c0baa8b2b52f2014f5d194b0417d0-2.mp3
138548289,Radiohead,http://cdn-preview-d.deezer.com/stream/d0c07e01990dcab8c6c1dbccc23e69b3-2.mp3
138546343,Radiohead,http://cdn-preview-8.deezer.com/stream/8059f78f502d6367fbca5fec14a223bd-2.mp3
138539137,Radiohead,http://cdn-preview-5.deezer.com/stream/5f4800b4de0a55d922992d10e1acfab3-2.mp3
138545639,Radiohead,http://cdn-preview-4.deezer.com/stream/47ad5cfcb2c1f40febc120d740d6dc9e-1.mp3
138545649,Radiohead,http://cdn-preview-2.deezer.com/stream/205de2189225f02918830eb019dbb677-2.mp3
138545651,Radiohead,http://cdn-preview-4.deezer.com/stream/48d91c9d3062b7643cf6fec82a751dad-2.mp3
138545657,Radiohead,http://cdn-preview-a.deezer.com/stream/a435cb00e2b1eece37e6aa1b2355815c-2.mp3
138546273,Radiohead,http://cdn-preview-e.deezer.com/stream/eda93136b5ddd4051ca2852726b0c372-2.mp3
138539135,Radiohead,http://cdn-preview-e.deezer.com/stream/ea1f34fd40d1ebe10a8c19863336ba21-2.mp3
138548313,Radiohead,http://cdn-preview-5.deezer.com/stream/5fffb85c41a6787ccd78ccc31c9149b3-2.mp3
138548309,Radiohead,http://cdn-preview-0.deezer.com/stream/062a5c10d68423cdb5f964966b1e8d78-2.mp3
138546349,Radiohead,http://cdn-preview-1.deezer.com/stream/10a65074f655e75fa7afc6e20e0a7c14-3.mp3
138544123,Radiohead,http://cdn-preview-3.deezer.com/stream/3ad3f34cd23133d52301a75770273799-3.mp3
138540791,Radiohead,http://cdn-preview-d.deezer.com/stream/deae369e9fb5e73a8c638776ec419003-3.mp3
138545647,Radiohead,http://cdn-preview-c.deezer.com/stream/c6550b89b7e68ae51e89532b6c152cfa-3.mp3
138545653,Radiohead,http://cdn-preview-c.deezer.com/stream/c65d2a86d55c170cdd429e497694d451-1.mp3
138546351,Radiohead,http://cdn-preview-9.deezer.com/stream/95d36f77767909867d158e783cbed68f-1.mp3
138548315,Radiohead,http://cdn-preview-c.deezer.com/stream/cd83fbc584a2fc6f05fdf399301f8fd2-2.mp3
138540699,Radiohead,http://cdn-preview-f.deezer.com/stream/fbc7363787aeebd8e3151d5e8be2eb1c-3.mp3
138546281,Radiohead,http://cdn-preview-6.deezer.com/stream/6b674beec7038763ffab70322c4f91e1-3.mp3
62609238,Radiohead,http://cdn-preview-1.deezer.com/stream/17026d0a4accd2f6f19d5283fdfcb55b-3.mp3
138539133,Radiohead,http://cdn-preview-3.deezer.com/stream/302365bb48bfe06141fefa62869deae9-1.mp3
138544579,Radiohead,http://cdn-preview-d.deezer.com/stream/dfd882f2d2e549bd7847b69b0a66f8f5-2.mp3
138548287,Radiohead,http://cdn-preview-5.deezer.com/stream/5bb5717a5cd125c2973950f6b154e41e-2.mp3
138548317,Radiohead,http://cdn-preview-d.deezer.com/stream/d9bda4acb652e7f4a2bbe5435e453d37-2.mp3
126775431,Workout Buddy,http://cdn-preview-8.deezer.com/stream/8e3a0c4f5f27b165e35f84ea283d1833-3.mp3
4732788,Radiohead,http://cdn-preview-9.deezer.com/stream/9428f21614f8ea80b24d1f917adf6b08-3.mp3
138540703,Radiohead,http://cdn-preview-e.deezer.com/stream/eb97786215d2a81dca34bf3c8be42fbf-2.mp3
138548319,Radiohead,http://cdn-preview-c.deezer.com/stream/ce628680d2fd7d5e82a970bf8e5f15d6-3.mp3
95486518,Radiohead,http://cdn-preview-0.deezer.com/stream/0899d7361f424f319f976fdee32161ed-3.mp3
138546345,Radiohead,http://cdn-preview-c.deezer.com/stream/c8363c313e34d0cfae685e75f4057e82-3.mp3
138545293,Radiohead,http://cdn-preview-b.deezer.com/stream/b0f58af8cc9191464ae8f9f4e6557f05-2.mp3
138544125,Radiohead,http://cdn-preview-4.deezer.com/stream/45b023b2f519eda1b8e74e9c61519709-2.mp3
138546347,Radiohead,http://cdn-preview-9.deezer.com/stream/9a6954c8f2ad004c83ee2c15037700e2-2.mp3
138545295,Radiohead,http://cdn-preview-f.deezer.com/stream/f0b5ac8628d2061d78f058fbe3a2024b-2.mp3
131329772,Workout Buddy,http://cdn-preview-7.deezer.com/stream/7f960a5fdf031d9bdcfb97ab745374b1-3.mp3
65288752,Radiohead,http://cdn-preview-6.deezer.com/stream/64aafdf1f5c5e00df2b3f0a2b8eb0738-8.mp3
129689182,Radiohead,http://cdn-preview-5.deezer.com/stream/5fa7dc923f2a082e412b84f69339d56b-3.mp3
14000093,Radiohead,http://cdn-preview-b.deezer.com/stream/baf320f4a40ca9986402ec0ee048d300-3.mp3
138546353,Radiohead,http://cdn-preview-5.deezer.com/stream/548bfb090e7767010af0524d67976b75-2.mp3
